minute_broker_time,class
2026-01-02T23:58:00,PFM_NO_TICKS_NO_BAR
2026-01-02T23:59:00,PFM_NO_TICKS_NO_BAR
2026-01-06T23:59:00,PFM_NO_TICKS_NO_BAR
2026-01-09T23:57:00,PFM_NO_TICKS_NO_BAR
2026-01-09T23:58:00,PFM_NO_TICKS_NO_BAR
2026-01-09T23:59:00,PFM_NO_TICKS_NO_BAR
2026-01-16T23:58:00,PFM_NO_TICKS_NO_BAR
2026-01-16T23:59:00,PFM_NO_TICKS_NO_BAR
2026-01-23T23:58:00,PFM_NO_TICKS_NO_BAR
2026-01-23T23:59:00,PFM_NO_TICKS_NO_BAR
2026-02-20T20:32:00,PFM_NO_TICKS_NO_BAR
2026-02-20T20:33:00,PFM_NO_TICKS_NO_BAR
2026-02-20T20:34:00,PFM_NO_TICKS_NO_BAR
2026-02-20T20:35:00,PFM_NO_TICKS_NO_BAR
2026-02-20T20:36:00,PFM_NO_TICKS_NO_BAR
2026-02-20T20:37:00,PFM_NO_TICKS_NO_BAR
2026-02-20T20:38:00,PFM_NO_TICKS_NO_BAR
2026-02-20T20:39:00,PFM_NO_TICKS_NO_BAR
2026-03-03T17:00:00,PFM_NO_TICKS_WITH_BAR
2026-03-03T17:01:00,PFM_RECONCILIATION_FAILED
2026-03-23T16:00:00,PFM_NO_TICKS_WITH_BAR
2026-03-23T16:01:00,PFM_NO_TICKS_WITH_BAR
2026-03-23T16:02:00,PFM_RECONCILIATION_FAILED
2026-03-23T17:00:00,PFM_RECONCILIATION_FAILED
2026-03-26T15:00:00,PFM_NO_TICKS_NO_BAR
2026-05-25T21:31:00,PFM_NO_TICKS_NO_BAR
2026-05-25T21:32:00,PFM_NO_TICKS_NO_BAR
2026-05-25T21:33:00,PFM_NO_TICKS_NO_BAR
2026-05-25T21:34:00,PFM_NO_TICKS_NO_BAR
2026-05-25T21:35:00,PFM_NO_TICKS_NO_BAR
2026-05-25T21:36:00,PFM_NO_TICKS_NO_BAR
2026-05-25T21:37:00,PFM_NO_TICKS_NO_BAR
2026-05-25T21:38:00,PFM_NO_TICKS_NO_BAR
2026-05-25T21:39:00,PFM_NO_TICKS_NO_BAR
2026-05-25T21:40:00,PFM_NO_TICKS_NO_BAR
2026-05-25T21:41:00,PFM_NO_TICKS_NO_BAR
2026-05-25T21:42:00,PFM_NO_TICKS_NO_BAR
2026-05-25T21:43:00,PFM_NO_TICKS_NO_BAR
2026-05-25T21:44:00,PFM_NO_TICKS_NO_BAR
2026-05-25T21:45:00,PFM_NO_TICKS_NO_BAR
2026-05-25T21:46:00,PFM_NO_TICKS_NO_BAR
2026-05-25T21:47:00,PFM_NO_TICKS_NO_BAR
2026-05-25T21:53:00,PFM_NO_TICKS_NO_BAR
2026-05-25T21:54:00,PFM_NO_TICKS_NO_BAR
2026-05-25T21:56:00,PFM_NO_TICKS_NO_BAR
2026-05-25T21:57:00,PFM_NO_TICKS_NO_BAR
2026-05-25T21:58:00,PFM_NO_TICKS_NO_BAR
2026-05-25T21:59:00,PFM_NO_TICKS_NO_BAR
2026-05-25T22:00:00,PFM_NO_TICKS_NO_BAR
2026-05-25T22:01:00,PFM_NO_TICKS_NO_BAR
2026-05-25T22:02:00,PFM_NO_TICKS_NO_BAR
2026-05-25T22:03:00,PFM_NO_TICKS_NO_BAR
2026-05-25T22:04:00,PFM_NO_TICKS_NO_BAR
2026-05-25T22:05:00,PFM_NO_TICKS_NO_BAR
2026-05-25T22:06:00,PFM_NO_TICKS_NO_BAR
2026-05-25T22:07:00,PFM_NO_TICKS_NO_BAR
2026-05-25T22:08:00,PFM_NO_TICKS_NO_BAR
2026-05-25T22:10:00,PFM_NO_TICKS_NO_BAR
2026-05-25T22:11:00,PFM_NO_TICKS_NO_BAR
2026-05-25T22:12:00,PFM_NO_TICKS_NO_BAR
2026-05-25T22:13:00,PFM_NO_TICKS_NO_BAR
2026-05-25T22:14:00,PFM_NO_TICKS_NO_BAR
2026-05-25T22:15:00,PFM_NO_TICKS_NO_BAR
2026-05-25T22:16:00,PFM_NO_TICKS_NO_BAR
2026-05-25T22:17:00,PFM_NO_TICKS_NO_BAR
2026-05-25T22:19:00,PFM_NO_TICKS_NO_BAR
2026-05-25T22:24:00,PFM_NO_TICKS_NO_BAR
2026-05-25T22:26:00,PFM_NO_TICKS_NO_BAR
2026-05-25T22:28:00,PFM_NO_TICKS_NO_BAR
2026-05-25T22:32:00,PFM_NO_TICKS_NO_BAR
2026-05-25T22:38:00,PFM_NO_TICKS_NO_BAR
2026-05-25T22:39:00,PFM_NO_TICKS_NO_BAR
2026-05-25T22:42:00,PFM_NO_TICKS_NO_BAR
2026-05-25T22:44:00,PFM_NO_TICKS_NO_BAR
2026-05-25T22:45:00,PFM_NO_TICKS_NO_BAR
2026-05-25T22:49:00,PFM_NO_TICKS_NO_BAR
2026-05-25T22:51:00,PFM_NO_TICKS_NO_BAR
2026-05-25T22:53:00,PFM_NO_TICKS_NO_BAR
2026-05-25T22:56:00,PFM_NO_TICKS_NO_BAR
2026-05-25T22:59:00,PFM_NO_TICKS_NO_BAR
2026-05-25T23:19:00,PFM_NO_TICKS_NO_BAR
2026-05-25T23:25:00,PFM_NO_TICKS_NO_BAR
2026-05-25T23:28:00,PFM_NO_TICKS_NO_BAR
2026-05-25T23:30:00,PFM_NO_TICKS_NO_BAR
2026-05-25T23:31:00,PFM_NO_TICKS_NO_BAR
2026-05-25T23:32:00,PFM_NO_TICKS_NO_BAR
2026-05-25T23:33:00,PFM_NO_TICKS_NO_BAR
2026-05-25T23:34:00,PFM_NO_TICKS_NO_BAR
2026-05-25T23:36:00,PFM_NO_TICKS_NO_BAR
2026-05-25T23:37:00,PFM_NO_TICKS_NO_BAR
2026-05-25T23:39:00,PFM_NO_TICKS_NO_BAR
2026-06-11T22:00:00,PFM_RECONCILIATION_FAILED
2026-06-17T22:00:00,PFM_NO_TICKS_WITH_BAR
2026-06-17T22:01:00,PFM_NO_TICKS_WITH_BAR
2026-06-17T22:02:00,PFM_NO_TICKS_WITH_BAR
2026-06-17T22:03:00,PFM_NO_TICKS_WITH_BAR
2026-06-17T22:04:00,PFM_NO_TICKS_WITH_BAR
2026-06-17T22:05:00,PFM_NO_TICKS_WITH_BAR
2026-06-17T22:06:00,PFM_NO_TICKS_WITH_BAR
2026-06-17T22:07:00,PFM_NO_TICKS_WITH_BAR
2026-06-17T22:08:00,PFM_NO_TICKS_WITH_BAR
2026-06-17T22:09:00,PFM_NO_TICKS_WITH_BAR
2026-06-17T22:10:00,PFM_NO_TICKS_WITH_BAR
2026-06-17T22:11:00,PFM_NO_TICKS_WITH_BAR
2026-06-17T22:12:00,PFM_NO_TICKS_WITH_BAR
2026-06-17T22:13:00,PFM_NO_TICKS_WITH_BAR
2026-06-17T22:14:00,PFM_NO_TICKS_WITH_BAR
2026-06-17T22:15:00,PFM_NO_TICKS_WITH_BAR
2026-06-17T22:16:00,PFM_NO_TICKS_WITH_BAR
2026-06-17T22:17:00,PFM_NO_TICKS_WITH_BAR
2026-06-17T22:18:00,PFM_NO_TICKS_WITH_BAR
2026-06-17T22:19:00,PFM_RECONCILIATION_FAILED
